month,utm_source,utm_campaign,device_type,visitor_type,sessions,sessions_reached_product,sessions_reached_cart,sessions_reached_shipping,sessions_reached_billing,orders,revenue_usd
2012-03-01,(none),(none),desktop,New,8,5,2,2,2,0,NULL
2012-03-01,(none),(none),desktop,Returning,3,3,2,2,1,0,NULL
2012-03-01,(none),(none),mobile,New,5,4,0,0,0,0,NULL
2012-03-01,(none),(none),mobile,Returning,1,1,0,0,0,0,NULL
2012-03-01,bsearch,brand,desktop,New,1,0,0,0,0,0,NULL
2012-03-01,bsearch,brand,mobile,Returning,1,0,0,0,0,0,NULL
2012-03-01,gsearch,brand,desktop,New,3,1,0,0,0,0,NULL
2012-03-01,gsearch,brand,desktop,Returning,2,2,0,0,0,0,NULL
2012-03-01,gsearch,brand,mobile,New,2,0,0,0,0,0,NULL
2012-03-01,gsearch,brand,mobile,Returning,1,1,0,0,0,0,NULL
2012-03-01,gsearch,nonbrand,desktop,New,1126,510,168,125,101,50,2499.50
2012-03-01,gsearch,nonbrand,mobile,New,724,214,56,27,19,10,499.90
2012-04-01,(none),(none),desktop,New,32,17,3,2,2,0,NULL
2012-04-01,(none),(none),desktop,Returning,61,41,12,10,8,4,199.96
2012-04-01,(none),(none),mobile,New,19,7,2,2,2,0,NULL
2012-04-01,(none),(none),mobile,Returning,37,18,6,5,5,3,149.97
2012-04-01,bsearch,brand,desktop,New,4,2,1,0,0,0,NULL
2012-04-01,bsearch,brand,desktop,Returning,7,6,1,1,1,0,NULL
2012-04-01,gsearch,brand,desktop,New,11,7,3,2,2,1,49.99
2012-04-01,gsearch,brand,desktop,Returning,31,16,7,4,4,4,199.96
2012-04-01,gsearch,brand,mobile,New,9,4,2,1,0,0,NULL
2012-04-01,gsearch,brand,mobile,Returning,14,8,2,1,1,1,49.99
2012-04-01,gsearch,nonbrand,desktop,New,2137,944,310,210,179,75,3749.25
2012-04-01,gsearch,nonbrand,mobile,New,1370,378,88,48,28,11,549.89
2012-05-01,(none),(none),desktop,New,40,22,7,5,2,1,49.99
2012-05-01,(none),(none),desktop,Returning,143,108,31,20,20,8,399.92
2012-05-01,(none),(none),mobile,New,22,9,2,1,1,0,NULL
2012-05-01,(none),(none),mobile,Returning,96,54,15,8,7,2,99.98
2012-05-01,bsearch,brand,desktop,New,5,3,0,0,0,0,NULL
2012-05-01,bsearch,brand,desktop,Returning,19,16,5,4,2,0,NULL
2012-05-01,bsearch,brand,mobile,Returning,1,1,1,1,0,0,NULL
2012-05-01,gsearch,brand,desktop,New,16,12,1,1,1,1,49.99
2012-05-01,gsearch,brand,desktop,Returning,55,36,15,10,8,3,149.97
2012-05-01,gsearch,brand,mobile,New,8,2,1,1,1,0,NULL
2012-05-01,gsearch,brand,mobile,Returning,35,19,4,2,2,2,99.98
2012-05-01,gsearch,nonbrand,desktop,New,2275,1007,328,221,185,83,4149.17
2012-05-01,gsearch,nonbrand,mobile,New,1019,294,66,39,31,8,399.92
2012-06-01,(none),(none),desktop,New,51,35,11,8,6,5,249.95
2012-06-01,(none),(none),desktop,Returning,178,133,46,30,27,12,599.88
2012-06-01,(none),(none),mobile,New,29,10,3,1,0,0,NULL
2012-06-01,(none),(none),mobile,Returning,102,48,10,5,4,1,49.99
2012-06-01,bsearch,brand,desktop,New,7,6,2,1,1,0,NULL
2012-06-01,bsearch,brand,desktop,Returning,17,9,4,3,2,1,49.99
2012-06-01,bsearch,brand,mobile,Returning,1,0,0,0,0,0,NULL
2012-06-01,gsearch,brand,desktop,New,19,11,3,2,2,1,49.99
2012-06-01,gsearch,brand,desktop,Returning,70,52,20,10,10,6,299.94
2012-06-01,gsearch,brand,mobile,New,13,5,0,0,0,0,NULL
2012-06-01,gsearch,brand,mobile,Returning,38,24,4,1,0,0,NULL
2012-06-01,gsearch,nonbrand,desktop,New,2676,1197,402,282,241,106,5298.94
2012-06-01,gsearch,nonbrand,mobile,New,766,222,53,36,27,8,399.92
2012-07-01,(none),(none),desktop,New,62,40,11,8,7,5,249.95
2012-07-01,(none),(none),desktop,Returning,197,138,37,23,22,13,649.87
2012-07-01,(none),(none),mobile,New,36,19,7,4,4,2,99.98
2012-07-01,(none),(none),mobile,Returning,99,46,11,9,8,2,99.98
2012-07-01,bsearch,brand,desktop,New,9,4,3,1,1,1,49.99
2012-07-01,bsearch,brand,desktop,Returning,29,17,2,2,2,1,49.99
2012-07-01,bsearch,brand,mobile,Returning,6,4,2,1,0,0,NULL
2012-07-01,gsearch,brand,desktop,New,24,19,6,5,5,1,49.99
2012-07-01,gsearch,brand,desktop,Returning,58,39,14,11,11,7,349.93
2012-07-01,gsearch,brand,mobile,New,16,9,2,1,1,0,NULL
2012-07-01,gsearch,brand,mobile,Returning,53,24,6,2,1,1,49.99
2012-07-01,gsearch,nonbrand,desktop,New,2771,1359,464,310,270,122,6098.78
2012-07-01,gsearch,nonbrand,mobile,New,885,301,74,45,34,14,699.86
2012-08-01,(none),(none),desktop,New,105,68,25,19,13,8,399.92
2012-08-01,(none),(none),desktop,Returning,220,154,59,53,43,14,699.86
2012-08-01,(none),(none),mobile,New,61,27,4,3,2,1,49.99
2012-08-01,(none),(none),mobile,Returning,129,66,11,6,3,2,99.98
2012-08-01,bsearch,brand,desktop,New,13,9,3,3,3,1,49.99
2012-08-01,bsearch,brand,desktop,Returning,39,23,7,5,4,2,99.98
2012-08-01,bsearch,brand,mobile,New,1,1,0,0,0,0,NULL
2012-08-01,bsearch,brand,mobile,Returning,7,3,2,0,0,0,NULL
2012-08-01,bsearch,nonbrand,desktop,New,576,271,79,47,38,16,799.84
2012-08-01,bsearch,nonbrand,mobile,New,68,15,0,0,0,0,NULL
2012-08-01,gsearch,brand,desktop,New,38,25,8,8,7,5,249.95
2012-08-01,gsearch,brand,desktop,Returning,86,55,25,20,15,4,199.96
2012-08-01,gsearch,brand,mobile,New,26,18,4,1,0,0,NULL
2012-08-01,gsearch,brand,mobile,Returning,53,28,7,1,1,1,49.99
2012-08-01,gsearch,nonbrand,desktop,New,3517,1854,630,426,349,165,8248.35
2012-08-01,gsearch,nonbrand,mobile,New,1159,394,95,58,40,9,449.91
2012-09-01,(none),(none),desktop,New,122,69,25,13,9,2,99.98
2012-09-01,(none),(none),desktop,Returning,263,181,61,45,31,18,899.82
2012-09-01,(none),(none),mobile,New,73,35,5,2,1,1,49.99
2012-09-01,(none),(none),mobile,Returning,158,83,21,11,6,4,199.96
2012-09-01,bsearch,brand,desktop,New,14,9,5,3,3,3,149.97
2012-09-01,bsearch,brand,desktop,Returning,48,29,9,5,5,5,249.95
2012-09-01,bsearch,brand,mobile,New,4,1,0,0,0,0,NULL
2012-09-01,bsearch,brand,mobile,Returning,8,4,1,0,0,0,NULL
2012-09-01,bsearch,nonbrand,desktop,New,1220,550,181,129,113,64,3199.36
2012-09-01,bsearch,nonbrand,mobile,New,142,33,8,7,6,2,99.98
2012-09-01,gsearch,brand,desktop,New,45,30,8,5,5,3,149.97
2012-09-01,gsearch,brand,desktop,Returning,109,68,24,21,20,11,549.89
2012-09-01,gsearch,brand,mobile,New,30,12,3,2,0,0,NULL
2012-09-01,gsearch,brand,mobile,Returning,81,31,11,3,2,2,99.98
2012-09-01,gsearch,nonbrand,desktop,New,3172,1619,529,368,296,155,7748.45
2012-09-01,gsearch,nonbrand,mobile,New,1054,371,94,61,43,17,849.83
2012-10-01,(none),(none),desktop,New,176,106,41,30,26,11,549.89
2012-10-01,(none),(none),desktop,Returning,368,263,94,62,52,25,1249.75
2012-10-01,(none),(none),mobile,New,100,41,9,7,4,1,49.99
2012-10-01,(none),(none),mobile,Returning,224,116,34,25,20,11,549.89
2012-10-01,bsearch,brand,desktop,New,21,14,5,3,2,0,NULL
2012-10-01,bsearch,brand,desktop,Returning,63,44,11,7,5,4,199.96
2012-10-01,bsearch,brand,mobile,New,4,3,0,0,0,0,NULL
2012-10-01,bsearch,brand,mobile,Returning,8,6,1,0,0,0,NULL
2012-10-01,bsearch,nonbrand,desktop,New,1547,741,256,179,143,84,4199.16
2012-10-01,bsearch,nonbrand,mobile,New,142,34,7,4,2,1,49.99
2012-10-01,gsearch,brand,desktop,New,66,46,11,7,5,2,99.98
2012-10-01,gsearch,brand,desktop,Returning,148,105,36,20,15,10,499.90
2012-10-01,gsearch,brand,mobile,New,44,25,7,4,4,0,NULL
2012-10-01,gsearch,brand,mobile,Returning,79,40,10,7,5,3,149.97
2012-10-01,gsearch,nonbrand,desktop,New,3936,1977,617,420,343,201,10047.99
2012-10-01,gsearch,nonbrand,mobile,New,1265,472,120,79,61,18,899.82
2012-11-01,(none),(none),desktop,New,316,197,61,48,44,22,1099.78
2012-11-01,(none),(none),desktop,Returning,406,281,85,49,42,23,1149.77
2012-11-01,(none),(none),mobile,New,195,77,14,10,5,1,49.99
2012-11-01,(none),(none),mobile,Returning,278,140,26,11,10,5,249.95
2012-11-01,bsearch,brand,desktop,New,39,25,4,4,2,2,99.98
2012-11-01,bsearch,brand,desktop,Returning,50,31,12,10,9,3,149.97
2012-11-01,bsearch,brand,mobile,New,6,2,0,0,0,0,NULL
2012-11-01,bsearch,brand,mobile,Returning,3,1,1,0,0,0,NULL
2012-11-01,bsearch,nonbrand,desktop,New,2782,1244,398,290,249,143,7148.57
2012-11-01,bsearch,nonbrand,mobile,New,221,68,14,8,6,2,99.98
2012-11-01,gsearch,brand,desktop,New,112,72,25,18,16,8,399.92
2012-11-01,gsearch,brand,desktop,Returning,159,108,32,22,17,8,399.92
2012-11-01,gsearch,brand,mobile,New,80,33,4,3,2,1,49.99
2012-11-01,gsearch,brand,mobile,Returning,107,53,12,10,8,4,199.96
2012-11-01,gsearch,nonbrand,desktop,New,7007,3656,1208,842,681,354,17696.46
2012-11-01,gsearch,nonbrand,mobile,New,2250,756,194,125,88,42,2099.58
2012-12-01,(none),(none),desktop,New,223,133,51,39,33,20,999.80
2012-12-01,(none),(none),desktop,Returning,628,463,169,113,94,49,2449.51
2012-12-01,(none),(none),mobile,New,133,56,10,6,5,3,149.97
2012-12-01,(none),(none),mobile,Returning,354,182,46,28,23,12,599.88
2012-12-01,bsearch,brand,desktop,New,29,17,9,8,6,4,199.96
2012-12-01,bsearch,brand,desktop,Returning,78,59,19,13,8,3,149.97
2012-12-01,bsearch,brand,mobile,New,5,2,0,0,0,0,NULL
2012-12-01,bsearch,brand,mobile,Returning,13,6,4,4,4,1,49.99
2012-12-01,bsearch,nonbrand,desktop,New,1412,654,238,170,143,78,3899.22
2012-12-01,bsearch,nonbrand,mobile,New,159,43,11,7,7,3,149.97
2012-12-01,gsearch,brand,desktop,New,81,50,19,14,13,8,399.92
2012-12-01,gsearch,brand,desktop,Returning,247,173,57,43,35,22,1099.78
2012-12-01,gsearch,brand,mobile,New,57,31,7,6,6,2,99.98
2012-12-01,gsearch,brand,mobile,Returning,158,78,18,10,5,3,149.97
2012-12-01,gsearch,nonbrand,desktop,New,4947,2555,825,587,508,282,14097.18
2012-12-01,gsearch,nonbrand,mobile,New,1548,510,121,73,51,16,799.84
2013-01-01,(none),(none),desktop,New,127,77,19,14,10,9,469.91
2013-01-01,(none),(none),desktop,Returning,658,470,168,116,97,61,3089.39
2013-01-01,(none),(none),mobile,New,77,27,7,5,4,0,NULL
2013-01-01,(none),(none),mobile,Returning,407,206,62,38,26,14,719.86
2013-01-01,bsearch,brand,desktop,New,15,10,2,1,0,0,NULL
2013-01-01,bsearch,brand,desktop,Returning,85,61,21,14,13,9,459.91
2013-01-01,bsearch,brand,mobile,New,2,0,0,0,0,0,NULL
2013-01-01,bsearch,brand,mobile,Returning,12,9,4,3,3,1,49.99
2013-01-01,bsearch,nonbrand,desktop,New,732,339,118,88,74,51,2619.49
2013-01-01,bsearch,nonbrand,mobile,New,79,29,10,5,4,2,99.98
2013-01-01,gsearch,brand,desktop,New,47,20,11,6,5,4,199.96
2013-01-01,gsearch,brand,desktop,Returning,258,180,64,46,34,21,1089.79
2013-01-01,gsearch,brand,mobile,New,30,14,6,4,2,1,49.99
2013-01-01,gsearch,brand,mobile,Returning,181,96,30,18,11,5,259.95
2013-01-01,gsearch,nonbrand,desktop,New,2795,1537,546,378,309,190,9728.10
2013-01-01,gsearch,nonbrand,mobile,New,896,305,80,46,35,23,1179.77
2013-02-01,(none),(none),desktop,New,183,110,43,28,19,14,719.86
2013-02-01,(none),(none),desktop,Returning,430,301,117,86,71,47,2429.53
2013-02-01,(none),(none),mobile,New,113,49,12,8,7,4,229.96
2013-02-01,(none),(none),mobile,Returning,272,137,40,27,22,15,789.85
2013-02-01,bsearch,brand,desktop,New,27,18,6,3,2,2,99.98
2013-02-01,bsearch,brand,desktop,Returning,50,29,11,6,5,5,249.95
2013-02-01,bsearch,brand,mobile,New,4,0,0,0,0,0,NULL
2013-02-01,bsearch,brand,mobile,Returning,5,2,0,0,0,0,NULL
2013-02-01,bsearch,nonbrand,desktop,New,856,408,172,129,111,66,3499.34
2013-02-01,bsearch,nonbrand,mobile,New,104,31,8,5,5,3,169.97
2013-02-01,gsearch,brand,desktop,New,70,38,19,17,14,10,549.90
2013-02-01,gsearch,brand,desktop,Returning,160,107,47,36,29,24,1259.76
2013-02-01,gsearch,brand,mobile,New,45,18,3,2,2,1,59.99
2013-02-01,gsearch,brand,mobile,Returning,107,56,15,10,7,4,219.96
2013-02-01,gsearch,nonbrand,desktop,New,3603,1938,727,515,429,271,14497.29
2013-02-01,gsearch,nonbrand,mobile,New,1139,443,130,83,60,31,1689.69
2013-03-01,(none),(none),desktop,New,155,101,30,27,23,16,809.84
2013-03-01,(none),(none),desktop,Returning,399,300,105,70,60,31,1609.69
2013-03-01,(none),(none),mobile,New,98,41,7,2,1,0,NULL
2013-03-01,(none),(none),mobile,Returning,224,117,30,17,12,5,259.95
2013-03-01,bsearch,brand,desktop,New,21,8,4,3,2,1,49.99
2013-03-01,bsearch,brand,desktop,Returning,50,35,7,7,6,3,159.97
2013-03-01,bsearch,brand,mobile,New,4,2,0,0,0,0,NULL
2013-03-01,bsearch,brand,mobile,Returning,8,5,0,0,0,0,NULL
2013-03-01,bsearch,nonbrand,desktop,New,775,380,139,97,83,58,3029.42
2013-03-01,bsearch,nonbrand,mobile,New,95,27,8,5,5,3,149.97
2013-03-01,gsearch,brand,desktop,New,58,39,18,10,10,6,329.94
2013-03-01,gsearch,brand,desktop,Returning,147,101,34,24,19,9,449.91
2013-03-01,gsearch,brand,mobile,New,39,12,3,2,1,0,NULL
2013-03-01,gsearch,brand,mobile,Returning,110,52,14,8,4,2,109.98
2013-03-01,gsearch,nonbrand,desktop,New,3080,1750,619,427,357,224,11507.76
2013-03-01,gsearch,nonbrand,mobile,New,996,399,98,57,41,27,1429.73
2013-04-01,(none),(none),desktop,New,236,151,61,44,37,25,1299.75
2013-04-01,(none),(none),desktop,Returning,371,255,93,71,62,39,2029.61
2013-04-01,(none),(none),mobile,New,145,65,20,11,9,5,269.95
2013-04-01,(none),(none),mobile,Returning,242,113,26,20,12,4,209.96
2013-04-01,bsearch,brand,desktop,New,28,21,5,3,3,2,99.98
2013-04-01,bsearch,brand,desktop,Returning,52,36,10,7,6,2,109.98
2013-04-01,bsearch,brand,mobile,New,4,3,1,0,0,0,NULL
2013-04-01,bsearch,brand,mobile,Returning,13,4,1,1,1,0,NULL
2013-04-01,bsearch,nonbrand,desktop,New,1025,541,192,139,117,71,3649.29
2013-04-01,bsearch,nonbrand,mobile,New,114,38,12,9,7,6,309.94
2013-04-01,gsearch,brand,desktop,New,87,57,17,14,12,7,359.93
2013-04-01,gsearch,brand,desktop,Returning,165,120,48,36,30,21,1099.79
2013-04-01,gsearch,brand,mobile,New,60,24,9,5,4,3,149.97
2013-04-01,gsearch,brand,mobile,Returning,88,41,11,7,3,1,49.99
2013-04-01,gsearch,nonbrand,desktop,New,4058,2356,884,624,525,335,17266.65
2013-04-01,gsearch,nonbrand,mobile,New,1283,537,138,80,59,31,1619.69
2013-05-01,(none),(none),desktop,New,253,167,59,47,40,28,1439.72
2013-05-01,(none),(none),desktop,Returning,523,378,136,102,86,55,2799.45
2013-05-01,(none),(none),mobile,New,144,58,15,7,3,2,109.98
2013-05-01,(none),(none),mobile,Returning,271,137,34,20,17,11,569.89
2013-05-01,bsearch,brand,desktop,New,34,19,5,4,2,2,109.98
2013-05-01,bsearch,brand,desktop,Returning,79,58,16,12,8,5,269.95
2013-05-01,bsearch,brand,mobile,New,5,1,0,0,0,0,NULL
2013-05-01,bsearch,brand,mobile,Returning,11,3,1,1,1,0,NULL
2013-05-01,bsearch,nonbrand,desktop,New,1059,562,213,144,114,74,3849.26
2013-05-01,bsearch,nonbrand,mobile,New,87,23,6,4,4,4,209.96
2013-05-01,gsearch,brand,desktop,New,96,54,15,10,9,7,369.93
2013-05-01,gsearch,brand,desktop,Returning,185,128,43,25,22,15,779.85
2013-05-01,gsearch,brand,mobile,New,63,28,5,1,1,1,49.99
2013-05-01,gsearch,brand,mobile,Returning,132,57,20,9,5,3,149.97
2013-05-01,gsearch,nonbrand,desktop,New,4243,2472,892,603,504,321,16426.79
2013-05-01,gsearch,nonbrand,mobile,New,1261,536,148,98,75,43,2229.57
2013-06-01,(none),(none),desktop,New,250,144,61,42,32,22,1159.78
2013-06-01,(none),(none),desktop,Returning,489,338,137,89,81,54,2789.46
2013-06-01,(none),(none),mobile,New,153,78,21,11,7,3,159.97
2013-06-01,(none),(none),mobile,Returning,302,149,33,19,13,5,269.95
2013-06-01,bsearch,brand,desktop,New,31,18,5,4,3,3,149.97
2013-06-01,bsearch,brand,desktop,Returning,65,38,11,8,7,4,209.96
2013-06-01,bsearch,brand,mobile,New,5,1,1,1,0,0,NULL
2013-06-01,bsearch,brand,mobile,Returning,7,3,2,1,1,0,NULL
2013-06-01,bsearch,nonbrand,desktop,New,1048,534,189,137,116,80,4099.20
2013-06-01,bsearch,nonbrand,mobile,New,99,41,7,6,3,2,99.98
2013-06-01,gsearch,brand,desktop,New,89,54,21,13,12,6,319.94
2013-06-01,gsearch,brand,desktop,Returning,202,138,53,43,34,26,1329.74
2013-06-01,gsearch,brand,mobile,New,60,26,6,3,1,0,NULL
2013-06-01,gsearch,brand,mobile,Returning,119,66,20,11,8,5,279.95
2013-06-01,gsearch,nonbrand,desktop,New,4092,2430,905,642,540,351,18006.49
2013-06-01,gsearch,nonbrand,mobile,New,1309,539,142,81,60,33,1729.67
2013-07-01,(none),(none),desktop,New,310,193,74,53,45,34,1759.66
2013-07-01,(none),(none),desktop,Returning,542,383,133,92,73,53,2699.47
2013-07-01,(none),(none),mobile,New,186,90,32,17,15,9,459.91
2013-07-01,(none),(none),mobile,Returning,332,165,53,34,30,17,889.83
2013-07-01,bsearch,brand,desktop,New,38,25,5,2,1,0,NULL
2013-07-01,bsearch,brand,desktop,Returning,75,60,23,15,15,11,569.89
2013-07-01,bsearch,brand,mobile,New,7,2,0,0,0,0,NULL
2013-07-01,bsearch,brand,mobile,Returning,8,5,2,0,0,0,NULL
2013-07-01,bsearch,nonbrand,desktop,New,1050,571,217,147,124,80,4119.20
2013-07-01,bsearch,nonbrand,mobile,New,114,46,10,6,5,5,249.95
2013-07-01,gsearch,brand,desktop,New,115,77,26,12,11,8,429.92
2013-07-01,gsearch,brand,desktop,Returning,245,167,61,37,30,18,939.82
2013-07-01,gsearch,brand,mobile,New,76,42,13,10,7,5,259.95
2013-07-01,gsearch,brand,mobile,Returning,153,71,20,10,6,4,199.96
2013-07-01,gsearch,nonbrand,desktop,New,4331,2470,896,611,502,316,16286.84
2013-07-01,gsearch,nonbrand,mobile,New,1325,655,200,111,80,43,2229.57
2013-08-01,(none),(none),desktop,New,312,200,68,50,42,25,1269.75
2013-08-01,(none),(none),desktop,Returning,570,396,139,98,88,56,2889.44
2013-08-01,(none),(none),mobile,New,200,91,29,18,11,5,269.95
2013-08-01,(none),(none),mobile,Returning,352,175,50,27,17,7,349.93
2013-08-01,bsearch,brand,desktop,New,40,26,10,7,6,4,209.96
2013-08-01,bsearch,brand,desktop,Returning,77,55,17,14,12,9,469.91
2013-08-01,bsearch,brand,mobile,New,7,2,1,0,0,0,NULL
2013-08-01,bsearch,brand,mobile,Returning,19,7,2,2,1,0,NULL
2013-08-01,bsearch,nonbrand,desktop,New,989,512,197,133,110,71,3629.29
2013-08-01,bsearch,nonbrand,mobile,New,158,68,21,11,10,8,399.92
2013-08-01,gsearch,brand,desktop,New,121,75,26,19,16,12,629.88
2013-08-01,gsearch,brand,desktop,Returning,234,164,59,45,37,28,1449.72
2013-08-01,gsearch,brand,mobile,New,81,43,9,5,4,3,169.97
2013-08-01,gsearch,brand,mobile,Returning,144,66,10,4,2,0,NULL
2013-08-01,gsearch,nonbrand,desktop,New,4175,2410,872,593,500,320,16476.80
2013-08-01,gsearch,nonbrand,mobile,New,1705,939,270,165,109,60,3159.40
2013-09-01,(none),(none),desktop,New,332,209,72,53,43,23,1219.77
2013-09-01,(none),(none),desktop,Returning,572,396,129,94,83,59,3139.39
2013-09-01,(none),(none),mobile,New,207,78,15,9,8,5,249.95
2013-09-01,(none),(none),mobile,Returning,350,197,55,35,27,17,869.83
2013-09-01,bsearch,brand,desktop,New,40,27,6,6,6,3,149.97
2013-09-01,bsearch,brand,desktop,Returning,80,55,18,11,8,3,149.97
2013-09-01,bsearch,brand,mobile,New,6,3,0,0,0,0,NULL
2013-09-01,bsearch,brand,mobile,Returning,19,6,2,1,1,0,NULL
2013-09-01,bsearch,nonbrand,desktop,New,997,503,184,126,102,73,3709.27
2013-09-01,bsearch,nonbrand,mobile,New,210,74,24,14,10,8,419.92
2013-09-01,gsearch,brand,desktop,New,126,85,38,24,19,13,679.87
2013-09-01,gsearch,brand,desktop,Returning,228,167,68,43,37,23,1179.77
2013-09-01,gsearch,brand,mobile,New,85,42,9,7,7,5,259.95
2013-09-01,gsearch,brand,mobile,Returning,152,83,23,13,9,5,259.95
2013-09-01,gsearch,nonbrand,desktop,New,3988,2328,851,600,488,330,17226.66
2013-09-01,gsearch,nonbrand,mobile,New,2182,1144,291,164,109,63,3259.37
2013-10-01,(none),(none),desktop,New,420,265,94,65,46,31,1639.68
2013-10-01,(none),(none),desktop,Returning,696,493,171,123,105,60,3339.36
2013-10-01,(none),(none),mobile,New,259,120,31,24,13,6,319.94
2013-10-01,(none),(none),mobile,Returning,419,224,65,41,30,18,1059.80
2013-10-01,bsearch,brand,desktop,New,51,33,10,8,7,5,269.95
2013-10-01,bsearch,brand,desktop,Returning,89,60,16,14,10,9,449.91
2013-10-01,bsearch,brand,mobile,New,9,3,2,1,0,0,NULL
2013-10-01,bsearch,brand,mobile,Returning,15,11,3,1,1,0,NULL
2013-10-01,bsearch,nonbrand,desktop,New,1120,573,208,144,122,71,3819.26
2013-10-01,bsearch,nonbrand,mobile,New,178,87,23,10,6,4,209.96
2013-10-01,gsearch,brand,desktop,New,154,105,36,29,26,22,1189.77
2013-10-01,gsearch,brand,desktop,Returning,269,178,72,54,45,24,1229.76
2013-10-01,gsearch,brand,mobile,New,103,50,14,5,4,2,99.98
2013-10-01,gsearch,brand,mobile,Returning,167,91,29,18,12,5,249.95
2013-10-01,gsearch,nonbrand,desktop,New,4488,2536,954,700,589,385,20965.97
2013-10-01,gsearch,nonbrand,mobile,New,2347,1215,320,189,128,66,3399.33
2013-11-01,(none),(none),desktop,New,537,316,117,93,72,42,2409.55
2013-11-01,(none),(none),desktop,Returning,655,453,167,112,95,57,3209.38
2013-11-01,(none),(none),mobile,New,335,157,40,25,18,13,679.87
2013-11-01,(none),(none),mobile,Returning,388,196,61,35,25,11,619.88
2013-11-01,bsearch,brand,desktop,New,73,45,15,12,8,7,359.93
2013-11-01,bsearch,brand,desktop,Returning,83,61,22,13,11,8,419.92
2013-11-01,bsearch,brand,mobile,New,12,5,3,3,2,1,49.99
2013-11-01,bsearch,brand,mobile,Returning,15,8,1,1,1,1,49.99
2013-11-01,bsearch,nonbrand,desktop,New,1383,681,251,169,139,88,4569.12
2013-11-01,bsearch,nonbrand,mobile,New,286,132,25,15,13,4,209.96
2013-11-01,gsearch,brand,desktop,New,202,118,40,28,24,20,1019.80
2013-11-01,gsearch,brand,desktop,Returning,271,196,65,51,41,28,1469.71
2013-11-01,gsearch,brand,mobile,New,135,59,18,8,7,3,149.97
2013-11-01,gsearch,brand,mobile,Returning,169,81,20,13,8,4,209.96
2013-11-01,gsearch,nonbrand,desktop,New,6124,3591,1307,918,757,461,24905.20
2013-11-01,gsearch,nonbrand,mobile,New,3364,1786,491,291,214,113,6298.79
2013-12-01,(none),(none),desktop,New,672,428,177,123,98,53,2961.43
2013-12-01,(none),(none),desktop,Returning,888,596,233,169,144,101,5824.86
2013-12-01,(none),(none),mobile,New,414,173,54,32,28,12,669.87
2013-12-01,(none),(none),mobile,Returning,580,281,81,48,35,16,865.83
2013-12-01,bsearch,brand,desktop,New,89,57,20,15,13,11,711.86
2013-12-01,bsearch,brand,desktop,Returning,114,79,31,23,21,16,867.83
2013-12-01,bsearch,brand,mobile,New,18,9,2,1,1,1,59.99
2013-12-01,bsearch,brand,mobile,Returning,22,11,5,3,1,0,NULL
2013-12-01,bsearch,nonbrand,desktop,New,1519,803,291,201,158,101,5646.90
2013-12-01,bsearch,nonbrand,mobile,New,359,171,66,45,37,23,1195.77
2013-12-01,gsearch,brand,desktop,New,241,158,63,44,41,26,1369.73
2013-12-01,gsearch,brand,desktop,Returning,368,256,97,76,64,41,2215.57
2013-12-01,gsearch,brand,mobile,New,169,74,21,14,12,7,355.93
2013-12-01,gsearch,brand,mobile,Returning,260,135,41,25,17,7,401.92
2013-12-01,gsearch,nonbrand,desktop,New,6552,3734,1404,979,799,505,28194.46
2013-12-01,gsearch,nonbrand,mobile,New,3470,1876,550,326,233,127,6920.65
2014-01-01,(none),(none),desktop,New,581,371,129,87,75,50,2673.47
2014-01-01,(none),(none),desktop,Returning,1128,799,342,227,181,112,6496.73
2014-01-01,(none),(none),mobile,New,363,156,40,18,9,2,99.98
2014-01-01,(none),(none),mobile,Returning,652,335,89,60,44,30,1811.65
2014-01-01,bsearch,brand,desktop,New,72,46,24,22,18,12,671.87
2014-01-01,bsearch,brand,desktop,Returning,152,110,48,30,23,16,893.82
2014-01-01,bsearch,brand,mobile,New,11,6,2,2,1,0,NULL
2014-01-01,bsearch,brand,mobile,Returning,27,14,6,2,2,1,49.99
2014-01-01,bsearch,nonbrand,desktop,New,1384,713,266,200,163,99,5706.89
2014-01-01,bsearch,nonbrand,mobile,New,230,102,36,23,17,10,659.87
2014-01-01,gsearch,brand,desktop,New,220,141,59,38,32,20,1051.80
2014-01-01,gsearch,brand,desktop,Returning,445,312,120,91,73,58,3291.35
2014-01-01,gsearch,brand,mobile,New,145,76,25,16,10,4,305.94
2014-01-01,gsearch,brand,mobile,Returning,297,152,46,29,19,9,567.89
2014-01-01,gsearch,nonbrand,desktop,New,4948,2879,1189,849,704,451,25738.94
2014-01-01,gsearch,nonbrand,mobile,New,2552,1358,398,224,157,92,5414.93
2014-01-01,socialbook,pilot,desktop,New,168,53,20,14,12,7,539.89
2014-01-01,socialbook,pilot,mobile,New,1450,166,50,33,21,10,653.87
2014-02-01,(none),(none),desktop,New,725,448,194,138,114,71,4519.10
2014-02-01,(none),(none),desktop,Returning,1030,702,306,207,181,122,8168.30
2014-02-01,(none),(none),mobile,New,447,201,49,30,21,7,475.90
2014-02-01,(none),(none),mobile,Returning,617,326,104,64,46,27,1617.66
2014-02-01,bsearch,brand,desktop,New,96,57,19,10,9,6,357.93
2014-02-01,bsearch,brand,desktop,Returning,140,91,35,22,20,11,703.85
2014-02-01,bsearch,brand,mobile,New,14,7,4,2,2,0,NULL
2014-02-01,bsearch,brand,mobile,Returning,20,9,2,2,1,1,49.99
2014-02-01,bsearch,nonbrand,desktop,New,1358,672,279,190,149,101,6670.66
2014-02-01,bsearch,nonbrand,mobile,New,288,118,33,21,14,11,765.84
2014-02-01,gsearch,brand,desktop,New,258,159,69,51,45,26,1673.66
2014-02-01,gsearch,brand,desktop,Returning,401,295,118,82,67,42,2471.50
2014-02-01,gsearch,brand,mobile,New,188,80,22,16,13,8,555.88
2014-02-01,gsearch,brand,mobile,Returning,243,118,33,24,17,8,531.90
2014-02-01,gsearch,nonbrand,desktop,New,5393,2932,1222,848,687,454,29383.97
2014-02-01,gsearch,nonbrand,mobile,New,2830,1469,419,259,181,102,6550.68
2014-02-01,socialbook,pilot,desktop,New,226,67,20,14,12,8,431.91
2014-02-01,socialbook,pilot,mobile,New,2011,210,76,43,31,16,1103.78
2014-03-01,(none),(none),desktop,New,651,401,142,95,82,64,4123.13
2014-03-01,(none),(none),desktop,Returning,1206,844,337,235,190,131,8624.17
2014-03-01,(none),(none),mobile,New,399,180,50,31,22,16,979.80
2014-03-01,(none),(none),mobile,Returning,733,398,103,59,40,17,1021.78
2014-03-01,bsearch,brand,desktop,New,83,55,27,23,23,17,1049.79
2014-03-01,bsearch,brand,desktop,Returning,184,128,55,34,32,18,1143.76
2014-03-01,bsearch,brand,mobile,New,12,4,1,0,0,0,NULL
2014-03-01,bsearch,brand,mobile,Returning,21,15,6,5,4,2,109.98
2014-03-01,bsearch,nonbrand,desktop,New,1362,666,272,185,161,114,7514.45
2014-03-01,bsearch,nonbrand,mobile,New,264,117,33,23,13,9,541.89
2014-03-01,gsearch,brand,desktop,New,243,149,63,41,33,26,1657.65
2014-03-01,gsearch,brand,desktop,Returning,485,338,140,100,81,54,3417.28
2014-03-01,gsearch,brand,mobile,New,167,76,22,13,6,2,159.97
2014-03-01,gsearch,brand,mobile,Returning,290,143,35,25,17,13,813.83
2014-03-01,gsearch,nonbrand,desktop,New,5445,2899,1194,836,699,470,29863.74
2014-03-01,gsearch,nonbrand,mobile,New,2864,1523,457,272,197,97,5964.77
2014-03-01,socialbook,pilot,desktop,New,128,37,15,7,6,2,185.96
2014-03-01,socialbook,pilot,mobile,New,1112,126,38,20,17,12,827.82
2014-04-01,(none),(none),desktop,New,771,488,203,146,116,76,4667.02
2014-04-01,(none),(none),desktop,Returning,1303,956,403,288,238,148,9464.01
2014-04-01,(none),(none),mobile,New,485,234,78,47,29,14,943.79
2014-04-01,(none),(none),mobile,Returning,846,413,130,81,62,30,1937.59
2014-04-01,bsearch,brand,desktop,New,99,67,29,20,17,10,591.87
2014-04-01,bsearch,brand,desktop,Returning,165,111,47,34,28,20,1409.71
2014-04-01,bsearch,brand,mobile,New,17,10,2,0,0,0,NULL
2014-04-01,bsearch,brand,mobile,Returning,22,8,2,1,0,0,NULL
2014-04-01,bsearch,nonbrand,desktop,New,1678,824,322,221,177,111,6908.54
2014-04-01,bsearch,nonbrand,mobile,New,328,134,34,19,15,12,755.84
2014-04-01,gsearch,brand,desktop,New,287,184,71,46,38,21,1249.75
2014-04-01,gsearch,brand,desktop,Returning,486,346,160,122,100,74,4737.00
2014-04-01,gsearch,brand,mobile,New,199,83,26,17,12,6,301.94
2014-04-01,gsearch,brand,mobile,Returning,357,184,56,34,23,15,903.82
2014-04-01,gsearch,nonbrand,desktop,New,6730,3758,1513,1068,888,559,35386.56
2014-04-01,gsearch,nonbrand,mobile,New,3583,1944,578,332,234,145,9527.98
2014-05-01,(none),(none),desktop,New,865,522,238,172,140,92,5764.78
2014-05-01,(none),(none),desktop,Returning,1359,953,397,267,221,144,9218.10
2014-05-01,(none),(none),mobile,New,525,240,78,46,29,18,1201.75
2014-05-01,(none),(none),mobile,Returning,817,394,121,67,48,28,1793.63
2014-05-01,bsearch,brand,desktop,New,105,64,31,22,18,14,961.80
2014-05-01,bsearch,brand,desktop,Returning,187,130,48,31,27,12,795.82
2014-05-01,bsearch,brand,mobile,New,16,11,0,0,0,0,NULL
2014-05-01,bsearch,brand,mobile,Returning,23,9,2,2,2,2,125.97
2014-05-01,bsearch,nonbrand,desktop,New,1695,874,354,261,212,136,8578.20
2014-05-01,bsearch,nonbrand,mobile,New,391,175,52,31,22,12,735.84
2014-05-01,gsearch,brand,desktop,New,300,199,79,52,44,31,2077.56
2014-05-01,gsearch,brand,desktop,Returning,505,344,144,110,88,58,3983.18
2014-05-01,gsearch,brand,mobile,New,207,99,35,24,14,10,635.88
2014-05-01,gsearch,brand,mobile,Returning,371,186,50,28,16,6,347.92
2014-05-01,gsearch,nonbrand,desktop,New,6821,4006,1645,1157,975,648,42347.05
2014-05-01,gsearch,nonbrand,mobile,New,3880,2057,616,394,287,157,10341.80
2014-06-01,(none),(none),desktop,New,844,528,222,150,129,73,4563.05
2014-06-01,(none),(none),desktop,Returning,1282,893,357,243,198,133,8490.20
2014-06-01,(none),(none),mobile,New,521,227,66,42,27,20,1285.74
2014-06-01,(none),(none),mobile,Returning,820,416,132,80,54,27,1681.65
2014-06-01,bsearch,brand,desktop,New,105,61,21,11,11,4,335.92
2014-06-01,bsearch,brand,desktop,Returning,184,133,62,45,34,24,1449.69
2014-06-01,bsearch,brand,mobile,New,15,10,3,2,1,0,NULL
2014-06-01,bsearch,brand,mobile,Returning,29,18,5,2,2,0,NULL
2014-06-01,bsearch,nonbrand,desktop,New,1751,932,380,272,227,147,9230.08
2014-06-01,bsearch,nonbrand,mobile,New,300,134,32,21,17,9,659.87
2014-06-01,gsearch,brand,desktop,New,309,178,70,54,47,30,1911.60
2014-06-01,gsearch,brand,desktop,Returning,526,366,133,83,74,55,3685.24
2014-06-01,gsearch,brand,mobile,New,213,87,25,14,11,6,411.91
2014-06-01,gsearch,brand,mobile,Returning,376,196,53,30,24,12,861.82
2014-06-01,gsearch,nonbrand,desktop,New,6753,3907,1536,1055,871,566,36994.25
2014-06-01,gsearch,nonbrand,mobile,New,3674,1920,554,328,233,133,8516.22
2014-07-01,(none),(none),desktop,New,948,590,227,168,128,81,5018.94
2014-07-01,(none),(none),desktop,Returning,1533,1060,399,266,227,147,9140.05
2014-07-01,(none),(none),mobile,New,566,254,76,46,30,16,1005.80
2014-07-01,(none),(none),mobile,Returning,865,449,141,81,53,30,1889.61
2014-07-01,bsearch,brand,desktop,New,110,66,23,18,17,9,575.88
2014-07-01,bsearch,brand,desktop,Returning,208,143,49,36,29,19,1263.73
2014-07-01,bsearch,brand,mobile,New,20,12,3,3,2,2,145.97
2014-07-01,bsearch,brand,mobile,Returning,24,11,5,4,3,3,255.95
2014-07-01,bsearch,nonbrand,desktop,New,1809,942,364,246,202,119,7922.35
2014-07-01,bsearch,nonbrand,mobile,New,319,140,38,19,10,3,145.97
2014-07-01,gsearch,brand,desktop,New,332,208,85,61,51,30,1929.59
2014-07-01,gsearch,brand,desktop,Returning,570,402,153,100,87,56,3525.26
2014-07-01,gsearch,brand,mobile,New,233,93,27,18,12,8,567.88
2014-07-01,gsearch,brand,mobile,Returning,375,192,53,40,27,16,1123.76
2014-07-01,gsearch,nonbrand,desktop,New,7250,4198,1663,1160,962,607,39675.69
2014-07-01,gsearch,nonbrand,mobile,New,3877,2074,591,339,239,137,8826.19
2014-08-01,(none),(none),desktop,New,916,561,226,166,141,81,5230.90
2014-08-01,(none),(none),desktop,Returning,1480,1013,416,294,234,147,9124.08
2014-08-01,(none),(none),mobile,New,570,290,92,54,38,19,1137.76
2014-08-01,(none),(none),mobile,Returning,845,448,117,70,47,20,1329.73
2014-08-01,bsearch,brand,desktop,New,115,72,23,19,17,8,527.89
2014-08-01,bsearch,brand,desktop,Returning,175,115,48,33,27,16,1147.76
2014-08-01,bsearch,brand,mobile,New,17,6,2,1,0,0,NULL
2014-08-01,bsearch,brand,mobile,Returning,32,16,1,1,1,0,NULL
2014-08-01,bsearch,nonbrand,desktop,New,1678,928,372,256,204,137,8808.10
2014-08-01,bsearch,nonbrand,mobile,New,341,138,39,22,17,9,611.88
2014-08-01,gsearch,brand,desktop,New,333,202,88,51,44,34,2243.52
2014-08-01,gsearch,brand,desktop,Returning,578,405,156,116,101,64,4251.09
2014-08-01,gsearch,brand,mobile,New,229,97,18,10,7,5,289.94
2014-08-01,gsearch,brand,mobile,Returning,409,228,83,47,34,19,1071.78
2014-08-01,gsearch,nonbrand,desktop,New,6822,4165,1691,1170,963,629,40427.42
2014-08-01,gsearch,nonbrand,mobile,New,3631,1974,567,355,239,127,7912.34
2014-08-01,socialbook,desktop_targeted,desktop,New,419,116,52,31,22,14,927.81
2014-09-01,(none),(none),desktop,New,984,585,243,169,136,91,6006.74
2014-09-01,(none),(none),desktop,Returning,1549,1095,426,294,245,159,10465.76
2014-09-01,(none),(none),mobile,New,600,273,77,45,33,20,1273.74
2014-09-01,(none),(none),mobile,Returning,946,473,134,80,54,36,2263.55
2014-09-01,bsearch,brand,desktop,New,126,75,31,20,15,9,489.90
2014-09-01,bsearch,brand,desktop,Returning,216,163,65,47,32,23,1527.67
2014-09-01,bsearch,brand,mobile,New,19,12,7,4,2,1,49.99
2014-09-01,bsearch,brand,mobile,Returning,26,8,3,3,2,2,145.97
2014-09-01,bsearch,nonbrand,desktop,New,1757,972,395,289,240,159,10421.75
2014-09-01,bsearch,nonbrand,mobile,New,313,140,38,18,9,7,435.91
2014-09-01,gsearch,brand,desktop,New,346,211,77,54,46,33,2081.55
2014-09-01,gsearch,brand,desktop,Returning,584,406,139,105,94,59,3851.18
2014-09-01,gsearch,brand,mobile,New,245,108,32,23,14,6,389.93
2014-09-01,gsearch,brand,mobile,Returning,391,196,60,35,22,10,547.89
2014-09-01,gsearch,nonbrand,desktop,New,6830,4179,1698,1184,976,631,40469.45
2014-09-01,gsearch,nonbrand,mobile,New,3739,1979,529,303,223,129,8668.17
2014-09-01,socialbook,desktop_targeted,desktop,New,846,253,108,81,71,49,3143.34
2014-10-01,(none),(none),desktop,New,1090,694,265,198,168,110,7072.49
2014-10-01,(none),(none),desktop,Returning,1702,1211,484,343,288,190,12141.44
2014-10-01,(none),(none),mobile,New,670,305,94,49,32,21,1323.73
2014-10-01,(none),(none),mobile,Returning,1068,529,163,103,76,39,2399.50
2014-10-01,bsearch,brand,desktop,New,143,86,34,26,22,10,727.85
2014-10-01,bsearch,brand,desktop,Returning,234,162,71,48,41,23,1605.67
2014-10-01,bsearch,brand,mobile,New,24,15,7,4,3,1,49.99
2014-10-01,bsearch,brand,mobile,Returning,39,11,4,4,4,1,59.99
2014-10-01,bsearch,nonbrand,desktop,New,1843,1055,445,316,276,180,11427.55
2014-10-01,bsearch,nonbrand,mobile,New,353,154,53,32,26,14,813.82
2014-10-01,gsearch,brand,desktop,New,410,274,114,77,60,40,2507.49
2014-10-01,gsearch,brand,desktop,Returning,637,442,183,145,121,84,5460.86
2014-10-01,gsearch,brand,mobile,New,264,110,34,20,17,10,613.87
2014-10-01,gsearch,brand,mobile,Returning,460,235,66,43,32,18,1261.74
2014-10-01,gsearch,nonbrand,desktop,New,7477,4600,1807,1290,1083,686,44128.61
2014-10-01,gsearch,nonbrand,mobile,New,3980,2062,610,346,239,127,8480.18
2014-10-01,socialbook,desktop_targeted,desktop,New,1151,400,153,108,88,55,3831.20
2014-11-01,(none),(none),desktop,New,938,612,258,187,149,108,7146.46
2014-11-01,(none),(none),desktop,Returning,1653,1150,449,313,257,174,11055.67
2014-11-01,(none),(none),mobile,New,821,380,119,68,49,26,1629.66
2014-11-01,(none),(none),mobile,Returning,1042,526,148,93,68,49,3023.37
2014-11-01,bsearch,brand,desktop,New,169,113,37,30,23,17,1031.78
2014-11-01,bsearch,brand,desktop,Returning,216,147,57,40,37,27,1779.63
2014-11-01,bsearch,brand,mobile,New,27,10,4,2,0,0,NULL
2014-11-01,bsearch,brand,mobile,Returning,25,11,3,2,1,1,49.99
2014-11-01,bsearch,nonbrand,desktop,New,2463,1411,566,407,336,235,15176.80
2014-11-01,bsearch,nonbrand,mobile,New,415,192,64,39,29,11,679.86
2014-11-01,gsearch,brand,desktop,New,497,312,131,88,79,51,3111.35
2014-11-01,gsearch,brand,desktop,Returning,636,440,170,116,103,70,4305.10
2014-11-01,gsearch,brand,mobile,New,333,160,55,31,19,11,595.89
2014-11-01,gsearch,brand,mobile,Returning,427,213,48,31,21,12,843.83
2014-11-01,gsearch,nonbrand,desktop,New,9650,6134,2508,1774,1481,973,63758.52
2014-11-01,gsearch,nonbrand,mobile,New,4286,2193,627,374,259,138,9042.09
2014-11-01,socialbook,desktop_targeted,desktop,New,1527,472,205,146,120,82,4932.98
2014-12-01,(none),(none),desktop,New,1271,777,315,221,176,114,7116.51
2014-12-01,(none),(none),desktop,Returning,2217,1555,610,430,353,244,14826.80
2014-12-01,(none),(none),mobile,New,1046,464,135,85,62,29,1803.61
2014-12-01,(none),(none),mobile,Returning,1319,644,180,107,75,33,2025.58
2014-12-01,bsearch,brand,desktop,New,222,135,64,40,33,24,1585.66
2014-12-01,bsearch,brand,desktop,Returning,295,203,91,66,59,38,2293.50
2014-12-01,bsearch,brand,mobile,New,35,20,3,2,2,1,49.99
2014-12-01,bsearch,brand,mobile,Returning,46,20,10,3,1,0,NULL
2014-12-01,bsearch,nonbrand,desktop,New,2556,1454,612,435,354,224,13497.13
2014-12-01,bsearch,nonbrand,mobile,New,491,213,56,38,30,19,1187.74
2014-12-01,gsearch,brand,desktop,New,619,407,166,110,92,54,3481.25
2014-12-01,gsearch,brand,desktop,Returning,834,573,231,155,134,93,5852.75
2014-12-01,gsearch,brand,mobile,New,430,205,61,37,23,8,481.90
2014-12-01,gsearch,brand,mobile,Returning,555,287,99,56,34,21,1265.72
2014-12-01,gsearch,nonbrand,desktop,New,11291,7214,3086,2136,1779,1128,71318.74
2014-12-01,gsearch,nonbrand,mobile,New,4848,2579,798,470,328,196,12355.37
2014-12-01,socialbook,desktop_targeted,desktop,New,1647,490,213,155,135,88,5680.77
2015-01-01,(none),(none),desktop,New,1251,752,324,239,197,140,8796.11
2015-01-01,(none),(none),desktop,Returning,2557,1805,752,518,428,275,17430.25
2015-01-01,(none),(none),mobile,New,749,337,99,57,40,24,1545.67
2015-01-01,(none),(none),mobile,Returning,1412,691,211,128,88,46,2875.38
2015-01-01,bsearch,brand,desktop,New,145,85,42,27,23,16,1053.77
2015-01-01,bsearch,brand,desktop,Returning,308,216,92,65,51,30,1903.58
2015-01-01,bsearch,brand,mobile,New,25,14,5,1,0,0,NULL
2015-01-01,bsearch,brand,mobile,Returning,53,25,8,6,2,0,NULL
2015-01-01,bsearch,nonbrand,desktop,New,2380,1377,561,406,330,209,13155.15
2015-01-01,bsearch,nonbrand,mobile,New,369,157,53,33,28,11,851.81
2015-01-01,gsearch,brand,desktop,New,451,282,114,90,73,47,3101.34
2015-01-01,gsearch,brand,desktop,Returning,976,706,283,196,165,119,7026.47
2015-01-01,gsearch,brand,mobile,New,303,131,42,25,15,6,319.94
2015-01-01,gsearch,brand,mobile,Returning,632,311,98,53,37,20,1349.71
2015-01-01,gsearch,nonbrand,desktop,New,9596,6178,2570,1822,1508,999,63262.42
2015-01-01,gsearch,nonbrand,mobile,New,4130,2151,641,382,269,157,9619.92
2015-02-01,(none),(none),desktop,New,1266,764,323,227,190,128,8288.24
2015-02-01,(none),(none),desktop,Returning,2081,1489,657,445,357,228,14510.98
2015-02-01,(none),(none),mobile,New,773,341,96,53,41,24,1539.68
2015-02-01,(none),(none),mobile,Returning,1284,676,209,132,94,54,3599.25
2015-02-01,bsearch,brand,desktop,New,160,94,44,31,22,18,1131.75
2015-02-01,bsearch,brand,desktop,Returning,291,201,99,72,61,44,2603.45
2015-02-01,bsearch,brand,mobile,New,23,9,3,2,2,1,59.99
2015-02-01,bsearch,brand,mobile,Returning,35,16,1,0,0,0,NULL
2015-02-01,bsearch,nonbrand,desktop,New,2387,1407,615,415,346,217,13449.18
2015-02-01,bsearch,nonbrand,mobile,New,288,128,42,29,19,13,917.79
2015-02-01,gsearch,brand,desktop,New,463,300,140,97,76,50,3167.34
2015-02-01,gsearch,brand,desktop,Returning,825,582,267,197,171,108,6806.56
2015-02-01,gsearch,brand,mobile,New,312,131,31,13,7,4,279.94
2015-02-01,gsearch,brand,mobile,Returning,556,286,106,60,44,19,1179.75
2015-02-01,gsearch,nonbrand,desktop,New,9130,5868,2620,1843,1526,1007,62239.00
2015-02-01,gsearch,nonbrand,mobile,New,3904,2081,658,372,277,152,9360.06
2015-03-01,(none),(none),desktop,New,922,568,245,165,144,92,6030.73
2015-03-01,(none),(none),desktop,Returning,1291,894,403,276,228,142,9006.07
2015-03-01,(none),(none),mobile,New,515,240,64,38,30,14,799.82
2015-03-01,(none),(none),mobile,Returning,815,422,119,75,49,25,1487.66
2015-03-01,bsearch,brand,desktop,New,115,80,34,27,20,10,709.85
2015-03-01,bsearch,brand,desktop,Returning,169,117,55,35,26,18,1221.74
2015-03-01,bsearch,brand,mobile,New,21,8,2,2,2,0,NULL
2015-03-01,bsearch,brand,mobile,Returning,24,14,4,1,0,0,NULL
2015-03-01,bsearch,nonbrand,desktop,New,1204,734,303,225,179,127,7482.38
2015-03-01,bsearch,nonbrand,mobile,New,209,86,26,16,11,4,239.95
2015-03-01,gsearch,brand,desktop,New,316,191,84,63,56,33,2199.54
2015-03-01,gsearch,brand,desktop,Returning,532,380,178,112,87,56,3501.24
2015-03-01,gsearch,brand,mobile,New,222,87,18,10,5,3,155.97
2015-03-01,gsearch,brand,mobile,Returning,346,174,56,36,26,20,1193.75
2015-03-01,gsearch,nonbrand,desktop,New,5926,3779,1589,1117,923,627,39899.46
2015-03-01,gsearch,nonbrand,mobile,New,2456,1247,417,239,162,83,5022.91
